ib,uniform,30,15,50,0.016
null,uniform,30,15,50,0.318
bug,uniform,30,15,50,0.027
fa,uniform,30,15,50,0.046
bug,uniform,30,15,50,0.024
bug,uniform,30,15,50,0.027
holdout,uniform,30,15,50,0.022
bug,uniform,30,15,50,0.060
null,uniform,300,150,500,0.467
null,zipf_0.0,300,150,500,0.674
null,zipf_0.5,300,150,500,0.681
null,zipf_1.0,300,150,500,0.445
null,geometric,300,150,500,0.430
ib,uniform,300,150,500,0.012
ib,zipf_0.0,300,150,500,0.010
ib,zipf_0.5,300,150,500,0.010
null,zipf_1.5,300,150,500,0.677
null,zipf_2.0,300,150,500,0.668
fa,uniform,300,150,500,0.287
fa,zipf_0.0,300,150,500,0.293
fa,zipf_0.5,300,150,500,0.332
bug,uniform,300,150,500,0.046
bug,zipf_0.0,300,150,500,0.182
bug,uniform,300,150,500,0.312
bug,uniform,300,150,500,0.381
bug,zipf_0.0,300,150,500,0.074
bug,zipf_0.0,300,150,500,0.252
bug,zipf_0.5,300,150,500,0.050
bug,zipf_0.5,300,150,500,0.306
bug,zipf_0.5,300,150,500,0.379
bug,zipf_1.0,300,150,500,0.231
bug,zipf_1.0,300,150,500,0.057
bug,zipf_1.5,300,150,500,0.209
bug,zipf_1.5,300,150,500,0.040
bug,zipf_1.0,300,150,500,0.374
bug,zipf_1.5,300,150,500,0.398
bug,zipf_2.0,300,150,500,0.208
bug,zipf_2.0,300,150,500,0.066
bug,zipf_2.0,300,150,500,0.372
bug,geometric,300,150,500,0.209
bug,geometric,300,150,500,0.057
bug,geometric,300,150,500,0.318
fa,zipf_1.5,300,150,500,0.149
fa,zipf_1.0,300,150,500,0.197
fa,zipf_2.0,300,150,500,0.196
fa,geometric,300,150,500,0.149
ib,zipf_1.0,300,150,500,0.010
ib,zipf_1.5,300,150,500,0.010
ib,zipf_2.0,300,150,500,0.010
ib,geometric,300,150,500,0.012
null,zipf_0.0,300,150,500,0.486
null,zipf_1.0,300,150,500,0.717
null,zipf_0.5,300,150,500,0.720
ib,zipf_0.0,300,150,500,0.019
ib,zipf_0.5,300,150,500,0.016
ib,zipf_1.0,300,150,500,0.013
ib,zipf_1.5,300,150,500,0.013
ib,zipf_2.0,300,150,500,0.012
null,zipf_1.5,300,150,500,0.417
null,zipf_2.0,300,150,500,0.422
fa,zipf_0.0,300,150,500,0.238
fa,zipf_1.0,300,150,500,0.252
fa,zipf_0.5,300,150,500,0.426
fa,zipf_1.5,300,150,500,0.244
fa,zipf_2.0,300,150,500,0.260
null,uniform,1000,100,2000,1.492
null,zipf_0.0,1000,100,2000,1.427
null,uniform,1000,500,2000,3.555
null,uniform,1000,900,2000,3.602
null,zipf_0.0,1000,500,2000,1.842
null,zipf_0.5,1000,100,2000,2.644
null,zipf_0.5,1000,500,2000,1.861
null,zipf_0.0,1000,900,2000,3.805
null,zipf_1.0,1000,100,2000,1.295
null,zipf_0.5,1000,900,2000,3.647
null,zipf_1.0,1000,900,2000,2.705
null,zipf_1.0,1000,500,2000,3.216
null,zipf_1.5,1000,500,2000,1.842
null,zipf_1.5,1000,100,2000,2.523
null,zipf_2.0,1000,100,2000,1.307
null,zipf_1.5,1000,900,2000,3.707
null,zipf_2.0,1000,500,2000,3.080
null,zipf_2.0,1000,900,2000,2.761
null,geometric,1000,100,2000,2.406
ib,uniform,1000,100,2000,0.033
ib,uniform,1000,500,2000,0.031
ib,uniform,1000,900,2000,0.036
ib,zipf_0.0,1000,100,2000,0.028
ib,zipf_0.0,1000,500,2000,0.026
ib,zipf_0.0,1000,900,2000,0.027
ib,zipf_0.5,1000,100,2000,0.025
ib,zipf_0.5,1000,500,2000,0.025
ib,zipf_0.5,1000,900,2000,0.025
ib,zipf_1.0,1000,100,2000,0.021
ib,zipf_1.0,1000,500,2000,0.020
ib,zipf_1.0,1000,900,2000,0.021
ib,zipf_1.5,1000,100,2000,0.018
ib,zipf_1.5,1000,500,2000,0.017
ib,zipf_1.5,1000,900,2000,0.017
ib,zipf_2.0,1000,100,2000,0.016
ib,zipf_2.0,1000,500,2000,0.015
ib,zipf_2.0,1000,900,2000,0.016
ib,geometric,1000,100,2000,0.017
ib,geometric,1000,500,2000,0.017
ib,geometric,1000,900,2000,0.018
null,geometric,1000,500,2000,2.426
null,geometric,1000,900,2000,2.722
fa,uniform,1000,100,2000,0.931
fa,zipf_0.0,1000,100,2000,0.865
fa,uniform,1000,500,2000,2.448
fa,zipf_0.0,1000,500,2000,1.189
fa,uniform,1000,900,2000,3.043
fa,zipf_0.5,1000,100,2000,0.848
fa,zipf_0.5,1000,500,2000,2.025
fa,zipf_0.0,1000,900,2000,2.793
fa,zipf_0.5,1000,900,2000,1.859
fa,zipf_1.0,1000,100,2000,1.344
fa,zipf_1.0,1000,500,2000,1.787
fa,zipf_1.0,1000,900,2000,1.845
fa,zipf_1.5,1000,100,2000,1.305
fa,zipf_1.5,1000,500,2000,1.779
fa,zipf_2.0,1000,100,2000,1.325
fa,zipf_1.5,1000,900,2000,1.908
fa,geometric,1000,100,2000,0.803
fa,zipf_2.0,1000,500,2000,1.898
fa,geometric,1000,500,2000,1.137
fa,zipf_2.0,1000,900,2000,2.814
fa,geometric,1000,900,2000,2.231
bug,zipf_0.0,300,150,500,0.142
bug,zipf_0.0,300,150,500,0.392
bug,zipf_0.5,300,150,500,0.215
bug,zipf_0.5,300,150,500,0.042
bug,zipf_0.0,300,150,500,0.436
bug,zipf_1.0,300,150,500,0.208
bug,zipf_1.0,300,150,500,0.041
bug,zipf_0.5,300,150,500,0.378
bug,zipf_1.0,300,150,500,0.404
bug,zipf_1.5,300,150,500,0.212
bug,zipf_1.5,300,150,500,0.082
bug,zipf_2.0,300,150,500,0.206
bug,zipf_1.5,300,150,500,0.385
bug,zipf_2.0,300,150,500,0.042
bug,zipf_2.0,300,150,500,0.328
bug,uniform,1000,500,2000,0.854
bug,uniform,1000,500,2000,1.924
bug,uniform,1000,500,2000,2.939
bug,zipf_0.0,1000,500,2000,2.067
bug,zipf_0.0,1000,500,2000,0.461
bug,zipf_0.0,1000,500,2000,2.814
bug,uniform,1000,500,2000,5.684
bug,zipf_0.0,1000,500,2000,4.263
bug,zipf_0.5,1000,500,2000,3.088
bug,zipf_0.5,1000,500,2000,0.482
bug,zipf_0.5,1000,500,2000,3.027
bug,zipf_1.0,1000,500,2000,2.017
bug,zipf_1.0,1000,500,2000,0.440
bug,zipf_1.0,1000,500,2000,2.807
bug,zipf_0.5,1000,500,2000,5.672
bug,zipf_1.5,1000,500,2000,2.787
bug,zipf_1.5,1000,500,2000,0.625
bug,zipf_1.0,1000,500,2000,4.210
bug,zipf_1.5,1000,500,2000,2.896
bug,zipf_2.0,1000,500,2000,2.044
bug,zipf_2.0,1000,500,2000,0.456
bug,zipf_2.0,1000,500,2000,2.796
bug,zipf_1.5,1000,500,2000,5.271
bug,geometric,1000,500,2000,1.780
bug,geometric,1000,500,2000,2.742
bug,geometric,1000,500,2000,0.414
bug,zipf_2.0,1000,500,2000,5.003
bug,uniform,1000,100,2000,1.672
bug,uniform,1000,100,2000,0.184
bug,uniform,1000,100,2000,3.069
bug,uniform,1000,900,2000,2.669
bug,geometric,1000,500,2000,5.562
bug,uniform,1000,900,2000,2.166
bug,uniform,1000,900,2000,1.219
bug,zipf_0.0,1000,100,2000,0.145
bug,zipf_0.0,1000,100,2000,2.463
bug,zipf_0.0,1000,100,2000,3.023
bug,zipf_0.0,1000,900,2000,2.496
bug,zipf_0.0,1000,900,2000,1.868
bug,zipf_0.0,1000,900,2000,1.606
bug,zipf_0.5,1000,100,2000,1.691
bug,zipf_0.5,1000,100,2000,0.196
bug,zipf_0.5,1000,900,2000,1.976
bug,zipf_0.5,1000,100,2000,3.022
bug,zipf_0.5,1000,900,2000,2.545
bug,zipf_0.5,1000,900,2000,1.491
bug,zipf_1.0,1000,100,2000,0.167
bug,zipf_1.0,1000,100,2000,1.818
bug,zipf_1.0,1000,100,2000,2.501
bug,zipf_1.0,1000,900,2000,1.392
bug,zipf_1.0,1000,900,2000,1.231
bug,zipf_1.5,1000,100,2000,1.608
bug,zipf_1.0,1000,900,2000,3.688
bug,zipf_1.5,1000,100,2000,0.107
bug,zipf_1.5,1000,900,2000,1.450
bug,zipf_1.5,1000,100,2000,2.911
bug,zipf_1.5,1000,900,2000,1.155
bug,zipf_1.5,1000,900,2000,3.632
bug,zipf_2.0,1000,100,2000,0.137
bug,zipf_2.0,1000,100,2000,2.466
bug,zipf_2.0,1000,100,2000,1.813
bug,zipf_2.0,1000,900,2000,1.194
bug,zipf_2.0,1000,900,2000,1.790
bug,geometric,1000,100,2000,1.585
bug,geometric,1000,100,2000,0.102
bug,zipf_2.0,1000,900,2000,3.706
bug,geometric,1000,100,2000,2.841
bug,geometric,1000,900,2000,1.916
bug,geometric,1000,900,2000,0.999
bug,geometric,1000,900,2000,2.569
null,uniform,300,30,500,0.768
null,uniform,300,30,2000,0.870
null,uniform,300,150,2000,1.510
null,uniform,300,30,5000,2.443
null,uniform,300,270,500,0.696
null,uniform,300,150,5000,2.343
null,uniform,1000,100,500,0.553
null,uniform,300,270,2000,1.795
null,uniform,1000,500,500,1.611
null,uniform,300,270,5000,3.457
null,uniform,1000,100,5000,3.335
null,uniform,1000,900,500,1.815
null,uniform,5000,500,500,3.161
null,uniform,1000,500,5000,6.714
null,uniform,1000,900,5000,6.042
null,uniform,5000,2500,500,2.521
null,uniform,5000,500,2000,9.030
null,uniform,5000,2500,2000,10.629
null,uniform,5000,500,5000,14.927
null,uniform,5000,4500,500,4.759
null,uniform,5000,4500,2000,10.205
null,zipf_0.0,300,30,500,0.416
null,zipf_0.0,300,30,2000,0.678
null,zipf_0.0,300,30,5000,1.373
null,zipf_0.0,300,150,2000,0.867
null,zipf_0.0,300,150,5000,1.772
null,zipf_0.0,300,270,500,0.429
null,zipf_0.0,300,270,2000,0.991
null,zipf_0.0,300,270,5000,2.045
null,zipf_0.0,1000,100,500,0.562
null,uniform,5000,2500,5000,27.855
null,zipf_0.0,1000,100,5000,3.067
null,zipf_0.0,1000,500,500,1.900
null,zipf_0.0,1000,900,500,2.223
null,zipf_0.0,1000,500,5000,4.332
null,zipf_0.0,5000,500,500,1.648
null,zipf_0.0,1000,900,5000,8.762
null,zipf_0.0,5000,500,2000,5.402
null,zipf_0.0,5000,2500,500,2.214
null,uniform,5000,4500,5000,33.996
null,zipf_0.0,5000,2500,2000,7.742
null,zipf_0.0,5000,4500,500,2.852
null,zipf_0.0,5000,500,5000,18.625
null,zipf_0.0,5000,4500,2000,9.901
null,zipf_0.5,300,30,500,0.379
null,zipf_0.5,300,30,2000,0.646
null,zipf_0.5,300,30,5000,1.321
null,zipf_0.5,300,150,2000,0.907
null,zipf_0.5,300,150,5000,1.857
null,zipf_0.5,300,270,500,0.448
null,zipf_0.5,300,270,2000,0.938
null,zipf_0.0,5000,2500,5000,26.517
null,zipf_0.5,300,270,5000,2.052
null,zipf_0.5,1000,100,500,1.480
null,zipf_0.5,1000,500,500,1.715
null,zipf_0.5,1000,100,5000,2.988
null,zipf_0.5,1000,900,500,0.739
null,zipf_0.5,1000,500,5000,6.815
null,zipf_0.5,1000,900,5000,5.692
null,zipf_0.5,5000,500,500,3.189
null,zipf_0.5,5000,500,2000,5.301
null,zipf_0.5,5000,2500,500,2.196
null,zipf_0.0,5000,4500,5000,32.570
null,zipf_0.5,5000,2500,2000,7.955
null,zipf_1.0,300,30,500,1.755
null,zipf_0.5,5000,4500,500,5.249
null,zipf_1.0,300,30,2000,3.004
null,zipf_1.0,300,150,2000,2.670
null,zipf_1.0,300,30,5000,4.423
null,zipf_1.0,300,270,500,1.474
null,zipf_0.5,5000,500,5000,21.626
null,zipf_1.0,300,150,5000,4.680
null,zipf_1.0,300,270,2000,3.300
null,zipf_1.5,300,30,500,1.343
null,zipf_1.5,300,30,2000,3.842
null,zipf_1.5,300,30,5000,2.707
null,zipf_1.0,300,270,5000,7.147
null,zipf_1.5,300,270,500,1.439
null,zipf_1.5,300,150,2000,3.470
null,zipf_1.5,300,150,5000,3.971
null,zipf_2.0,300,30,500,1.099
null,zipf_1.5,300,270,2000,3.654
null,zipf_2.0,300,30,2000,2.562
null,zipf_1.5,300,270,5000,4.628
null,zipf_0.5,5000,4500,2000,18.107
null,zipf_2.0,300,30,5000,3.576
null,zipf_1.0,300,30,500,1.000
null,zipf_2.0,300,150,2000,3.020
null,zipf_2.0,300,270,500,1.628
null,zipf_1.0,300,30,2000,2.331
null,zipf_2.0,300,150,5000,4.314
null,zipf_2.0,300,270,2000,2.965
null,geometric,300,30,500,1.319
null,geometric,300,30,2000,2.389
null,zipf_2.0,300,270,5000,4.607
null,zipf_1.0,300,30,5000,4.032
null,zipf_0.5,5000,2500,5000,35.928
null,geometric,300,30,5000,3.043
null,geometric,300,270,500,1.137
null,geometric,300,150,2000,2.342
null,zipf_1.0,300,150,2000,2.437
null,geometric,300,150,5000,3.954
ib,uniform,300,30,500,0.042
ib,uniform,300,30,2000,0.037
ib,uniform,300,30,5000,0.034
ib,uniform,300,150,2000,0.032
ib,uniform,300,150,5000,0.016
ib,uniform,300,270,500,0.019
ib,uniform,300,270,2000,0.017
ib,zipf_0.0,300,30,500,0.016
ib,zipf_0.0,300,30,5000,0.015
null,zipf_1.0,300,270,500,1.562
ib,zipf_0.0,300,150,2000,0.015
ib,zipf_0.0,300,150,5000,0.027
ib,zipf_0.0,300,270,500,0.033
ib,zipf_0.0,300,270,2000,0.033
ib,uniform,300,270,5000,0.017
ib,zipf_0.0,300,270,5000,0.029
ib,zipf_0.5,300,30,5000,0.031
ib,zipf_0.5,300,150,2000,0.030
ib,zipf_0.5,300,150,5000,0.029
ib,zipf_0.0,300,30,2000,0.015
ib,zipf_0.5,300,270,500,0.034
ib,zipf_0.5,300,270,2000,0.029
null,geometric,300,270,2000,2.847
ib,zipf_0.5,300,270,5000,0.029
ib,zipf_1.0,300,30,2000,0.023
ib,zipf_1.0,300,150,2000,0.013
ib,zipf_1.5,300,30,5000,0.013
ib,zipf_1.5,300,150,5000,0.012
ib,zipf_1.5,300,270,2000,0.031
ib,zipf_2.0,300,30,500,0.013
ib,zipf_1.0,300,270,5000,0.014
ib,geometric,300,30,500,0.015
ib,zipf_1.5,300,270,5000,0.012
ib,zipf_1.0,300,270,2000,0.013
ib,zipf_2.0,300,270,5000,0.012
ib,geometric,300,270,5000,0.022
ib,zipf_1.0,300,270,500,0.029
ib,zipf_2.0,300,270,2000,0.024
ib,zipf_1.5,300,270,500,0.013
ib,geometric,300,270,2000,0.014
ib,geometric,300,150,2000,0.013
ib,geometric,300,270,500,0.013
ib,zipf_2.0,300,30,5000,0.022
ib,zipf_2.0,300,150,5000,0.025
ib,zipf_0.5,300,30,500,0.036
null,zipf_1.0,300,150,5000,4.889
ib,zipf_1.5,300,30,2000,0.013
ib,geometric,300,30,5000,0.013
ib,zipf_1.5,300,150,2000,0.025
ib,geometric,300,150,5000,0.028
ib,zipf_1.0,300,30,500,0.015
ib,zipf_2.0,300,30,2000,0.024
ib,zipf_1.0,300,30,5000,0.029
ib,zipf_2.0,300,150,2000,0.018
ib,zipf_1.0,300,150,5000,0.013
ib,geometric,300,30,2000,0.027
ib,zipf_2.0,300,270,500,0.012
ib,zipf_1.5,300,30,500,0.026
ib,zipf_0.5,300,30,2000,0.030
null,zipf_1.0,300,270,2000,2.040
null,geometric,300,270,5000,4.146
null,zipf_1.0,1000,100,500,1.256
null,zipf_1.0,300,270,5000,2.911
fa,uniform,300,30,500,0.258
fa,uniform,300,30,2000,0.627
fa,uniform,300,150,2000,1.104
null,zipf_1.0,1000,500,500,2.348
fa,uniform,300,270,500,0.412
fa,uniform,300,30,5000,1.896
fa,uniform,300,270,2000,1.297
fa,zipf_0.0,300,30,500,0.173
fa,uniform,300,150,5000,3.115
null,zipf_1.0,1000,100,5000,5.394
fa,zipf_0.0,300,30,2000,0.754
fa,zipf_0.0,300,150,2000,1.028
fa,uniform,300,270,5000,3.225
fa,zipf_0.0,300,30,5000,1.659
fa,zipf_0.0,300,270,500,0.276
null,zipf_1.0,1000,900,500,2.291
fa,zipf_0.0,300,270,2000,1.133
fa,zipf_0.5,300,30,500,0.259
fa,zipf_0.5,300,30,2000,0.749
fa,zipf_0.0,300,150,5000,2.662
fa,zipf_0.0,300,270,5000,3.218
fa,zipf_0.5,300,150,2000,1.082
fa,zipf_0.5,300,270,500,0.310
fa,zipf_0.5,300,30,5000,1.976
fa,zipf_0.5,300,270,2000,1.020
fa,zipf_1.0,300,30,500,0.197
fa,zipf_1.0,300,30,2000,0.849
fa,zipf_0.5,300,150,5000,2.808
null,zipf_1.0,1000,500,5000,10.537
fa,zipf_1.0,300,150,2000,1.323
fa,zipf_1.0,300,30,5000,1.672
fa,zipf_0.5,300,270,5000,3.395
fa,zipf_1.0,300,270,500,0.318
fa,zipf_1.0,300,270,2000,1.023
fa,zipf_1.5,300,30,500,0.180
fa,zipf_1.5,300,30,2000,0.744
fa,zipf_1.0,300,150,5000,2.670
fa,zipf_1.0,300,270,5000,3.162
fa,zipf_1.5,300,30,5000,1.479
fa,zipf_1.5,300,270,500,0.210
fa,zipf_1.5,300,150,2000,1.425
fa,zipf_1.5,300,270,2000,0.728
fa,zipf_2.0,300,30,500,0.156
null,zipf_1.0,5000,500,500,5.662
fa,zipf_1.5,300,150,5000,1.608
fa,zipf_2.0,300,30,2000,0.496
null,zipf_1.0,1000,900,5000,12.063
fa,zipf_2.0,300,150,2000,0.775
null,zipf_0.5,5000,4500,5000,49.303
fa,zipf_2.0,300,30,5000,1.942
fa,zipf_2.0,300,270,500,0.332
fa,zipf_1.5,300,270,5000,4.461
fa,zipf_2.0,300,270,2000,1.589
fa,zipf_2.0,300,150,5000,3.198
fa,geometric,300,30,500,0.335
fa,geometric,300,30,2000,0.948
fa,geometric,300,150,2000,1.082
fa,geometric,300,30,5000,2.291
null,zipf_1.0,5000,2500,500,5.631
fa,zipf_2.0,300,270,5000,3.370
fa,geometric,300,270,500,0.428
fa,geometric,300,270,2000,1.327
fa,zipf_0.02,300,150,500,0.281
fa,geometric,300,150,5000,2.375
fa,zipf_0.05,300,150,500,0.215
fa,zipf_0.20,300,150,500,0.210
fa,zipf_0.10,300,150,500,0.447
bug,uniform,300,150,2000,0.905
bug,uniform,300,150,2000,0.204
bug,uniform,300,150,2000,1.878
fa,geometric,300,270,5000,4.050
null,zipf_1.0,5000,500,2000,11.424
bug,uniform,300,150,2000,1.885
bug,uniform,300,150,5000,1.083
bug,zipf_0.0,300,150,2000,1.494
bug,uniform,300,150,5000,3.873
bug,uniform,300,150,5000,3.770
bug,zipf_0.0,300,150,2000,0.483
bug,zipf_0.0,300,150,2000,1.193
bug,zipf_0.0,300,150,2000,2.487
bug,zipf_0.0,300,150,5000,0.754
bug,zipf_0.0,300,150,5000,3.653
bug,zipf_0.0,300,150,5000,3.268
bug,zipf_0.5,300,150,2000,0.182
bug,zipf_0.5,300,150,2000,1.574
bug,zipf_0.5,300,150,2000,1.743
bug,zipf_0.5,300,150,2000,2.912
null,zipf_1.0,5000,500,5000,21.753
bug,zipf_0.5,300,150,5000,0.853
bug,zipf_0.5,300,150,5000,3.997
bug,zipf_0.5,300,150,5000,3.102
bug,zipf_1.0,300,150,2000,0.403
bug,zipf_1.0,300,150,2000,1.199
bug,zipf_1.0,300,150,2000,0.921
null,zipf_1.0,5000,2500,2000,19.965
bug,zipf_1.0,300,150,5000,2.238
bug,zipf_1.0,300,150,2000,3.115
bug,zipf_1.0,300,150,5000,0.456
bug,zipf_1.5,300,150,2000,0.883
bug,zipf_1.5,300,150,2000,0.181
bug,zipf_1.0,300,150,5000,4.322
bug,zipf_1.5,300,150,2000,1.821
null,zipf_1.0,5000,4500,500,7.808
bug,zipf_1.5,300,150,2000,1.984
bug,zipf_1.5,300,150,5000,0.858
bug,zipf_1.5,300,150,5000,2.735
bug,zipf_2.0,300,150,2000,0.953
bug,zipf_1.5,300,150,5000,4.386
bug,zipf_2.0,300,150,2000,1.655
bug,zipf_2.0,300,150,2000,0.227
bug,zipf_2.0,300,150,5000,2.282
bug,zipf_2.0,300,150,2000,2.868
bug,zipf_2.0,300,150,5000,0.712
bug,geometric,300,150,2000,0.967
bug,zipf_2.0,300,150,5000,3.909
bug,geometric,300,150,2000,0.283
bug,geometric,300,150,2000,1.718
bug,geometric,300,150,2000,2.474
bug,geometric,300,150,5000,0.782
holdout,zipf_0.5,300,150,500,0.195
holdout,uniform,300,30,500,0.105
bug,geometric,300,150,5000,2.749
bug,geometric,300,150,5000,4.069
null,zipf_1.0,5000,2500,5000,32.650
null,zipf_1.5,300,30,500,0.376
null,zipf_1.5,300,30,2000,0.666
null,zipf_1.5,300,30,5000,1.284
null,zipf_1.0,5000,4500,2000,19.879
null,zipf_1.5,300,150,2000,0.804
null,zipf_1.5,300,270,500,0.457
null,zipf_1.5,300,270,2000,0.929
null,zipf_1.5,300,150,5000,3.312
null,zipf_1.5,300,270,5000,2.124
null,zipf_1.5,1000,100,500,1.632
null,zipf_1.5,1000,500,500,1.866
null,zipf_1.5,1000,100,5000,2.976
null,zipf_1.5,1000,900,500,0.865
null,zipf_1.5,1000,900,500,4.584
null,zipf_2.0,1000,100,500,0.914
null,zipf_1.5,1000,500,5000,9.244
null,zipf_1.5,1000,500,5000,7.551
null,zipf_1.5,1000,900,5000,10.266
null,zipf_1.5,5000,500,500,3.071
null,zipf_2.0,1000,500,500,2.782
null,zipf_1.5,1000,900,5000,10.550
null,zipf_1.0,5000,4500,5000,39.683
null,zipf_2.0,1000,100,5000,7.665
null,zipf_2.0,1000,900,500,4.072
null,zipf_1.5,5000,2500,500,3.617
null,zipf_2.0,1000,500,5000,6.727
null,geometric,1000,100,500,3.073
null,geometric,1000,500,500,1.747
null,zipf_1.5,5000,500,2000,12.452
null,geometric,1000,100,5000,6.753
null,zipf_2.0,1000,900,5000,11.692
null,geometric,1000,500,5000,7.674
ib,uniform,1000,100,500,0.038
ib,uniform,1000,100,5000,0.033
ib,uniform,1000,500,500,0.038
ib,uniform,1000,500,5000,0.045
ib,uniform,1000,900,500,0.041
ib,uniform,1000,900,5000,0.035
ib,zipf_0.0,1000,100,500,0.031
ib,zipf_0.0,1000,100,5000,0.028
ib,zipf_0.0,1000,500,500,0.030
ib,zipf_0.0,1000,500,5000,0.027
ib,zipf_0.0,1000,900,500,0.029
ib,zipf_0.0,1000,900,5000,0.025
ib,zipf_0.5,1000,100,500,0.032
null,geometric,1000,900,500,3.802
ib,zipf_0.5,1000,100,5000,0.026
ib,zipf_0.5,1000,500,5000,0.026
ib,zipf_0.5,1000,900,500,0.028
ib,zipf_0.5,1000,900,5000,0.024
ib,zipf_1.0,1000,100,5000,0.023
ib,zipf_1.0,1000,500,5000,0.020
ib,zipf_1.0,1000,900,5000,0.040
ib,zipf_0.5,1000,500,500,0.067
ib,zipf_1.5,1000,100,5000,0.040
ib,zipf_1.5,1000,500,5000,0.017
ib,zipf_2.0,1000,500,500,0.018
ib,zipf_2.0,1000,900,500,0.025
ib,geometric,1000,100,500,0.020
ib,geometric,1000,500,500,0.017
ib,geometric,1000,900,500,0.027
ib,zipf_1.5,1000,900,5000,0.017
ib,zipf_2.0,1000,100,5000,0.016
ib,zipf_2.0,1000,500,5000,0.015
ib,zipf_1.0,1000,100,500,0.048
ib,zipf_2.0,1000,900,5000,0.017
ib,zipf_1.0,1000,500,500,0.022
ib,geometric,1000,100,5000,0.037
ib,zipf_1.0,1000,900,500,0.026
ib,geometric,1000,500,5000,0.016
ib,zipf_1.5,1000,100,500,0.020
ib,geometric,1000,900,5000,0.018
ib,zipf_1.5,1000,500,500,0.018
ib,zipf_1.5,1000,900,500,0.019
ib,zipf_2.0,1000,100,500,0.018
null,zipf_1.5,5000,2500,2000,15.389
null,geometric,1000,900,5000,8.063
null,zipf_1.5,5000,500,5000,24.884
null,zipf_1.5,5000,4500,500,3.731
fa,uniform,1000,100,500,0.574
fa,uniform,1000,500,500,1.253
fa,uniform,1000,900,500,1.013
fa,uniform,1000,100,5000,5.371
fa,zipf_0.0,1000,100,500,0.672
fa,uniform,1000,500,5000,7.150
fa,zipf_0.0,1000,500,500,0.581
fa,zipf_0.0,1000,100,5000,4.617
fa,zipf_0.0,1000,900,500,1.161
null,zipf_1.5,5000,4500,2000,18.348
fa,uniform,1000,900,5000,12.887
null,zipf_1.5,5000,2500,5000,32.601
null,zipf_2.0,300,30,500,1.040
fa,zipf_0.5,1000,100,500,0.969
fa,zipf_0.0,1000,500,5000,8.905
fa,zipf_0.5,1000,500,500,0.549
null,zipf_2.0,300,30,2000,2.554
null,zipf_2.0,300,30,5000,3.389
fa,zipf_0.5,1000,100,5000,6.169
null,zipf_2.0,300,150,5000,3.983
null,zipf_2.0,300,150,2000,4.946
fa,zipf_0.5,1000,900,500,1.253
fa,zipf_0.0,1000,900,5000,11.848
fa,zipf_1.0,1000,100,500,0.394
fa,zipf_0.5,1000,500,5000,7.627
fa,zipf_1.0,1000,500,500,0.522
null,zipf_2.0,300,270,500,3.320
null,zipf_2.0,300,270,2000,3.918
fa,zipf_1.0,1000,100,5000,5.008
null,zipf_2.0,1000,100,500,2.685
fa,zipf_1.0,1000,900,500,1.010
fa,zipf_1.0,1000,500,5000,5.693
fa,zipf_1.5,1000,100,500,0.365
fa,zipf_0.5,1000,900,5000,8.794
fa,zipf_1.5,1000,500,500,0.546
null,zipf_2.0,300,270,5000,6.602
null,zipf_2.0,1000,500,500,2.785
fa,zipf_1.5,1000,100,5000,5.156
fa,zipf_1.5,1000,900,500,1.142
null,zipf_2.0,1000,100,5000,8.600
fa,zipf_1.5,1000,500,5000,6.520
fa,zipf_2.0,1000,100,500,0.365
fa,zipf_1.0,1000,900,5000,9.976
fa,zipf_2.0,1000,500,500,0.883
null,zipf_2.0,1000,900,500,4.187
fa,zipf_2.0,1000,100,5000,3.680
fa,zipf_2.0,1000,900,500,1.043
null,zipf_2.0,1000,500,5000,9.791
fa,zipf_1.5,1000,900,5000,8.038
fa,geometric,1000,100,500,0.362
fa,zipf_2.0,1000,500,5000,6.007
fa,geometric,1000,500,500,0.449
null,zipf_1.5,5000,4500,5000,50.961
fa,geometric,1000,100,5000,3.488
fa,geometric,1000,900,500,0.622
null,zipf_2.0,5000,500,500,5.968
fa,geometric,1000,500,5000,6.010
bug,uniform,1000,500,500,0.852
bug,uniform,1000,500,500,1.426
bug,uniform,1000,500,500,0.178
fa,zipf_2.0,1000,900,5000,11.393
null,zipf_2.0,1000,900,5000,14.273
fa,geometric,1000,900,5000,10.019
null,zipf_2.0,5000,500,2000,11.541
null,zipf_2.0,5000,2500,500,5.393
bug,uniform,1000,500,5000,3.979
bug,zipf_0.0,1000,500,500,1.289
bug,zipf_0.0,1000,500,500,1.466
bug,uniform,1000,500,5000,11.727
bug,zipf_0.0,1000,500,500,0.282
bug,uniform,1000,500,5000,12.084
bug,zipf_0.0,1000,500,5000,1.906
bug,zipf_0.5,1000,500,500,1.160
bug,zipf_0.5,1000,500,500,2.179
bug,zipf_0.5,1000,500,500,0.356
null,zipf_2.0,5000,500,5000,23.411
null,zipf_2.0,5000,2500,2000,14.668
bug,zipf_0.0,1000,500,5000,13.328
bug,zipf_0.0,1000,500,5000,14.534
null,zipf_2.0,5000,4500,500,7.737
bug,zipf_0.5,1000,500,5000,2.997
bug,zipf_0.5,1000,500,5000,12.027
bug,zipf_1.0,1000,500,500,0.940
bug,zipf_1.0,1000,500,500,0.253
bug,zipf_1.0,1000,500,500,1.596
bug,zipf_0.5,1000,500,5000,10.912
null,zipf_2.0,5000,4500,2000,18.143
bug,zipf_1.0,1000,500,5000,3.408
null,geometric,300,30,500,2.002
bug,zipf_1.5,1000,500,500,1.049
bug,zipf_1.0,1000,500,5000,10.298
bug,zipf_1.5,1000,500,500,0.244
bug,zipf_1.5,1000,500,500,2.029
bug,zipf_1.0,1000,500,5000,11.149
null,geometric,300,30,2000,3.312
null,zipf_2.0,5000,2500,5000,37.159
bug,zipf_1.5,1000,500,5000,2.856
bug,zipf_2.0,1000,500,500,0.935
null,geometric,300,30,5000,3.861
null,geometric,300,150,2000,4.106
bug,zipf_2.0,1000,500,500,1.927
bug,zipf_2.0,1000,500,500,0.164
null,geometric,300,270,500,2.687
bug,zipf_1.5,1000,500,5000,9.517
bug,zipf_1.5,1000,500,5000,11.121
null,geometric,300,150,5000,5.469
null,geometric,300,270,2000,3.799
bug,zipf_2.0,1000,500,5000,2.164
bug,geometric,1000,500,500,0.720
bug,geometric,1000,500,500,1.468
null,geometric,1000,100,500,2.612
bug,geometric,1000,500,500,0.254
null,geometric,300,270,5000,5.427
bug,zipf_2.0,1000,500,5000,9.898
null,geometric,1000,500,500,2.240
bug,zipf_2.0,1000,500,5000,10.600
null,geometric,1000,100,5000,6.631
null,geometric,1000,900,500,1.301
bug,geometric,1000,500,5000,3.086
bug,geometric,1000,500,5000,7.975
bug,geometric,1000,500,5000,9.811
holdout,uniform,1000,500,2000,1.911
holdout,zipf_2.0,1000,500,2000,1.564
holdout,geometric,1000,900,2000,1.682
holdout,zipf_1.5,1000,900,2000,1.616
null,geometric,1000,500,5000,10.489
link,uniform,1000,100,2000,3.574
null,zipf_2.0,5000,4500,5000,45.450
null,geometric,5000,500,500,3.029
link,uniform,1000,500,2000,5.441
null,geometric,1000,900,5000,9.170
null,geometric,5000,2500,500,2.062
null,geometric,5000,500,2000,7.106
null,geometric,5000,2500,2000,7.159
null,geometric,5000,4500,500,2.767
null,geometric,5000,500,5000,17.280
null,geometric,5000,4500,500,7.366
null,geometric,5000,4500,2000,19.156
ib,uniform,300,30,500,0.037
ib,uniform,300,30,2000,0.037
ib,uniform,300,30,5000,0.034
ib,uniform,300,150,2000,0.036
ib,uniform,300,150,5000,0.035
ib,uniform,300,270,500,0.040
ib,uniform,300,270,2000,0.036
ib,uniform,300,270,5000,0.032
ib,uniform,1000,100,500,0.078
ib,uniform,1000,100,5000,0.065
ib,uniform,1000,500,500,0.067
ib,uniform,1000,500,5000,0.043
ib,uniform,1000,900,500,0.039
ib,uniform,1000,900,5000,0.055
ib,uniform,5000,500,500,0.281
ib,uniform,5000,500,2000,0.162
ib,uniform,5000,500,5000,0.116
ib,uniform,5000,2500,500,0.122
ib,uniform,5000,2500,2000,0.200
ib,uniform,5000,2500,5000,0.217
ib,uniform,5000,4500,500,0.256
ib,uniform,5000,4500,2000,0.213
ib,uniform,5000,4500,5000,0.192
ib,zipf_0.0,300,30,500,0.017
ib,zipf_0.0,300,30,2000,0.016
ib,zipf_0.0,300,30,5000,0.025
ib,zipf_0.0,300,150,2000,0.031
ib,zipf_0.0,300,150,5000,0.032
ib,zipf_0.0,300,270,500,0.030
ib,zipf_0.0,300,270,2000,0.028
ib,zipf_0.0,300,270,5000,0.031
ib,zipf_0.0,1000,100,500,0.062
ib,zipf_0.0,1000,100,5000,0.055
ib,zipf_0.0,1000,500,500,0.056
ib,zipf_0.0,1000,500,5000,0.056
ib,zipf_0.0,1000,900,500,0.051
ib,zipf_0.0,1000,900,5000,0.026
ib,zipf_0.0,5000,500,500,0.179
ib,zipf_0.0,5000,500,2000,0.169
ib,zipf_0.0,5000,500,5000,0.170
ib,zipf_0.0,5000,2500,500,0.097
ib,zipf_0.0,5000,2500,2000,0.086
ib,zipf_0.0,5000,2500,5000,0.083
ib,zipf_0.0,5000,4500,500,0.092
ib,zipf_0.0,5000,4500,2000,0.107
ib,zipf_0.0,5000,4500,5000,0.118
ib,zipf_0.5,300,30,500,0.034
ib,zipf_0.5,300,30,2000,0.032
ib,zipf_0.5,300,30,5000,0.030
ib,zipf_0.5,300,150,2000,0.030
ib,zipf_0.5,300,150,5000,0.030
ib,zipf_0.5,300,270,500,0.019
ib,zipf_0.5,300,270,5000,0.014
ib,zipf_0.5,1000,100,500,0.029
ib,zipf_0.5,300,270,2000,0.015
ib,zipf_0.5,1000,100,5000,0.042
ib,zipf_0.5,1000,500,500,0.059
ib,zipf_0.5,1000,500,5000,0.050
ib,zipf_0.5,1000,900,500,0.053
ib,zipf_0.5,1000,900,5000,0.050
ib,zipf_0.5,5000,500,500,0.205
ib,zipf_0.5,5000,500,2000,0.123
ib,zipf_0.5,5000,500,5000,0.154
ib,zipf_0.5,5000,2500,500,0.114
ib,zipf_0.5,5000,2500,2000,0.136
ib,zipf_0.5,5000,2500,5000,0.158
ib,zipf_0.5,5000,4500,500,0.142
ib,zipf_0.5,5000,4500,2000,0.130
ib,zipf_0.5,5000,4500,5000,0.125
ib,zipf_1.0,300,30,500,0.022
ib,zipf_1.0,300,30,2000,0.031
ib,zipf_1.0,300,30,5000,0.029
ib,zipf_1.0,300,150,2000,0.030
ib,zipf_1.0,300,150,5000,0.025
ib,zipf_1.0,300,270,500,0.015
ib,zipf_1.0,300,270,2000,0.014
ib,zipf_1.0,300,270,5000,0.014
ib,zipf_1.0,1000,100,500,0.039
ib,zipf_1.0,1000,100,5000,0.044
ib,zipf_1.0,1000,500,500,0.042
ib,zipf_1.0,1000,500,5000,0.043
ib,zipf_1.0,1000,900,500,0.045
ib,zipf_1.0,1000,900,5000,0.042
ib,zipf_1.0,5000,500,500,0.104
ib,zipf_1.0,5000,500,2000,0.117
null,geometric,5000,500,5000,23.043
ib,zipf_1.0,5000,500,5000,0.068
ib,zipf_1.0,5000,2500,500,0.110
ib,zipf_1.0,5000,2500,2000,0.116
ib,zipf_1.0,5000,2500,5000,0.071
ib,zipf_1.0,5000,4500,500,0.106
ib,zipf_1.0,5000,4500,2000,0.125
ib,zipf_1.0,5000,4500,5000,0.081
ib,zipf_1.5,300,30,2000,0.016
ib,zipf_1.5,300,30,5000,0.028
ib,zipf_1.5,300,150,2000,0.023
ib,zipf_1.5,300,150,5000,0.025
ib,zipf_1.5,300,30,500,0.014
ib,zipf_1.5,300,270,500,0.030
ib,zipf_1.5,300,270,2000,0.021
ib,zipf_1.5,300,270,5000,0.013
ib,zipf_1.5,1000,100,5000,0.022
ib,zipf_1.5,1000,500,500,0.035
ib,zipf_1.5,1000,500,5000,0.035
ib,zipf_1.5,1000,100,500,0.020
ib,zipf_1.5,1000,900,500,0.043
ib,zipf_1.5,1000,900,5000,0.033
ib,zipf_1.5,5000,500,500,0.102
ib,zipf_1.5,5000,500,2000,0.042
null,geometric,5000,2500,5000,33.258
ib,zipf_1.5,5000,500,5000,0.058
ib,zipf_1.5,5000,2500,500,0.059
ib,zipf_1.5,5000,2500,2000,0.078
ib,zipf_1.5,5000,2500,5000,0.072
ib,zipf_1.5,5000,4500,500,0.063
ib,zipf_1.5,5000,4500,2000,0.057
ib,zipf_2.0,300,30,500,0.013
ib,zipf_2.0,300,30,5000,0.012
ib,zipf_2.0,300,270,5000,0.025
ib,zipf_2.0,1000,100,5000,0.032
ib,zipf_2.0,1000,500,5000,0.016
ib,zipf_2.0,1000,900,5000,0.016
ib,zipf_2.0,300,150,5000,0.012
ib,zipf_2.0,5000,500,2000,0.080
ib,zipf_2.0,5000,2500,500,0.036
ib,zipf_2.0,5000,2500,5000,0.033
ib,zipf_2.0,300,270,2000,0.012
ib,zipf_2.0,5000,4500,5000,0.035
ib,geometric,300,30,2000,0.014
ib,geometric,300,150,2000,0.013
ib,geometric,300,270,500,0.030
ib,geometric,300,270,5000,0.013
ib,zipf_2.0,5000,4500,2000,0.078
ib,zipf_2.0,1000,900,500,0.036
ib,geometric,300,270,2000,0.013
ib,geometric,5000,500,2000,0.070
ib,zipf_2.0,300,150,2000,0.012
ib,zipf_2.0,5000,4500,500,0.045
ib,geometric,5000,500,5000,0.074
ib,geometric,5000,500,500,0.098
ib,geometric,1000,900,5000,0.018
ib,zipf_2.0,1000,500,500,0.016
ib,geometric,300,150,5000,0.014
ib,geometric,5000,4500,5000,0.051
ib,geometric,5000,4500,2000,0.070
ib,geometric,5000,2500,2000,0.036
ib,geometric,5000,4500,500,0.093
ib,geometric,1000,100,5000,0.018
ib,geometric,1000,500,5000,0.033
ib,geometric,5000,2500,500,0.039
ib,geometric,300,30,500,0.015
ib,zipf_2.0,1000,100,500,0.018
ib,geometric,300,30,5000,0.025
ib,geometric,5000,2500,5000,0.072
ib,geometric,1000,500,500,0.018
ib,geometric,1000,100,500,0.041
ib,zipf_2.0,5000,500,500,0.045
ib,zipf_1.5,5000,4500,5000,0.083
ib,zipf_2.0,5000,500,5000,0.035
ib,zipf_2.0,300,30,2000,0.012
ib,zipf_2.0,5000,2500,2000,0.072
ib,geometric,1000,900,500,0.020
ib,zipf_2.0,300,270,500,0.012
null,geometric,5000,4500,2000,19.074
ib,uniform,5000,500,500,0.146
ib,uniform,5000,500,2000,0.124
ib,uniform,5000,500,5000,0.116
ib,uniform,5000,2500,500,0.123
ib,uniform,5000,2500,2000,0.114
ib,uniform,5000,2500,5000,0.108
ib,uniform,5000,4500,500,0.146
ib,uniform,5000,4500,2000,0.128
ib,uniform,5000,4500,5000,0.117
ib,zipf_0.0,5000,500,500,0.109
ib,zipf_0.0,5000,500,2000,0.091
ib,zipf_0.0,5000,500,5000,0.085
ib,zipf_0.0,5000,2500,500,0.097
ib,zipf_0.0,5000,2500,2000,0.087
ib,zipf_0.0,5000,2500,5000,0.081
ib,zipf_0.0,5000,4500,500,0.090
ib,zipf_0.0,5000,4500,2000,0.088
ib,zipf_0.0,5000,4500,5000,0.080
ib,zipf_0.5,5000,500,500,0.103
ib,zipf_0.5,5000,500,2000,0.086
ib,zipf_0.5,5000,500,5000,0.080
ib,zipf_0.5,5000,2500,500,0.091
ib,zipf_0.5,5000,2500,2000,0.081
ib,zipf_0.5,5000,2500,5000,0.079
ib,zipf_0.5,5000,4500,500,0.091
ib,zipf_0.5,5000,4500,2000,0.082
ib,zipf_0.5,5000,4500,5000,0.076
ib,zipf_1.0,5000,500,500,0.073
ib,zipf_1.0,5000,500,2000,0.062
ib,zipf_1.0,5000,500,5000,0.059
ib,zipf_1.0,5000,2500,500,0.058
ib,zipf_1.0,5000,2500,2000,0.057
ib,zipf_1.0,5000,2500,5000,0.053
ib,zipf_1.0,5000,4500,500,0.067
ib,zipf_1.0,5000,4500,2000,0.060
ib,zipf_1.0,5000,4500,5000,0.055
ib,zipf_1.5,5000,500,500,0.049
ib,zipf_1.5,5000,500,2000,0.042
ib,zipf_1.5,5000,500,5000,0.040
ib,zipf_1.5,5000,2500,500,0.041
ib,zipf_1.5,5000,2500,2000,0.037
ib,zipf_1.5,5000,2500,5000,0.037
ib,zipf_1.5,5000,4500,500,0.053
ib,zipf_1.5,5000,4500,2000,0.042
ib,zipf_1.5,5000,4500,5000,0.040
ib,zipf_2.0,5000,500,500,0.044
ib,zipf_2.0,5000,500,2000,0.038
ib,zipf_2.0,5000,500,5000,0.035
ib,zipf_2.0,5000,2500,500,0.037
ib,zipf_2.0,5000,2500,2000,0.034
ib,zipf_2.0,5000,2500,5000,0.032
null,geometric,5000,2500,5000,30.331
ib,zipf_2.0,5000,4500,500,0.045
ib,zipf_2.0,5000,4500,2000,0.039
ib,zipf_2.0,5000,4500,5000,0.036
ib,geometric,5000,500,500,0.047
ib,geometric,5000,500,2000,0.039
ib,geometric,5000,500,5000,0.036
ib,geometric,5000,2500,500,0.039
ib,geometric,5000,2500,2000,0.036
ib,geometric,5000,2500,5000,0.036
ib,geometric,5000,4500,500,0.047
ib,geometric,5000,4500,2000,0.039
ib,geometric,5000,4500,5000,0.029
null,geometric,5000,4500,5000,38.171
fa,uniform,5000,500,500,2.482
fa,uniform,5000,2500,500,3.123
null,geometric,5000,4500,5000,29.950
fa,uniform,5000,500,2000,8.226
fa,uniform,5000,2500,2000,14.110
fa,uniform,5000,500,5000,20.869
fa,uniform,5000,500,2000,10.725
fa,uniform,5000,4500,500,6.197
fa,uniform,5000,2500,2000,15.057
fa,uniform,5000,4500,500,5.549
fa,uniform,5000,500,5000,29.723
fa,uniform,5000,4500,2000,21.746
fa,zipf_0.0,5000,500,500,3.349
fa,uniform,5000,2500,5000,39.618
fa,uniform,5000,4500,2000,21.067
fa,zipf_0.0,5000,500,500,3.834
fa,zipf_0.0,5000,500,2000,12.615
fa,uniform,5000,2500,5000,39.311
fa,zipf_0.0,5000,2500,500,4.688
fa,zipf_0.0,5000,500,2000,10.702
fa,zipf_0.0,5000,2500,500,3.783
fa,zipf_0.0,5000,500,5000,24.570
fa,uniform,5000,4500,5000,51.940
fa,zipf_0.0,5000,2500,2000,16.709
fa,zipf_0.0,5000,4500,500,4.823
fa,zipf_0.0,5000,2500,2000,16.070
fa,zipf_0.0,5000,500,5000,27.479
fa,uniform,5000,4500,5000,49.816
fa,zipf_0.0,5000,4500,500,4.365
fa,zipf_0.0,5000,4500,2000,20.558
fa,zipf_0.5,5000,500,500,3.215
fa,zipf_0.0,5000,2500,5000,36.233
fa,zipf_0.0,5000,4500,2000,20.311
fa,zipf_0.5,5000,500,500,2.101
fa,zipf_0.5,5000,500,2000,12.158
fa,zipf_0.5,5000,2500,500,4.043
fa,zipf_0.5,5000,500,2000,9.659
fa,zipf_0.0,5000,2500,5000,40.401
fa,zipf_0.5,5000,2500,500,3.670
fa,zipf_0.5,5000,2500,2000,12.664
fa,zipf_0.5,5000,500,5000,26.609
fa,zipf_0.0,5000,4500,5000,52.871
fa,zipf_0.5,5000,4500,500,4.954
fa,zipf_0.0,5000,4500,5000,52.082
fa,zipf_0.5,5000,500,5000,21.804
fa,zipf_0.5,5000,2500,2000,15.131
fa,zipf_0.5,5000,4500,500,5.005
fa,zipf_0.5,5000,4500,2000,19.122
fa,zipf_1.0,5000,500,500,2.696
fa,zipf_0.5,5000,4500,2000,19.158
fa,zipf_1.0,5000,500,500,2.000
fa,zipf_1.0,5000,500,2000,11.330
fa,zipf_1.0,5000,500,2000,9.317
fa,zipf_0.5,5000,2500,5000,45.371
fa,zipf_0.5,5000,2500,5000,36.283
fa,zipf_1.0,5000,2500,500,3.467
fa,zipf_1.0,5000,2500,500,3.206
fa,zipf_0.5,5000,4500,5000,46.709
fa,zipf_1.0,5000,500,5000,22.772
fa,zipf_1.0,5000,4500,500,4.430
fa,zipf_1.0,5000,2500,2000,15.911
fa,zipf_1.0,5000,2500,2000,14.176
fa,zipf_0.5,5000,4500,5000,48.919
fa,zipf_1.0,5000,500,5000,23.378
fa,zipf_1.0,5000,4500,500,4.341
fa,zipf_1.0,5000,4500,2000,18.531
fa,zipf_1.5,5000,500,500,2.245
fa,zipf_1.0,5000,4500,2000,18.200
fa,zipf_1.5,5000,500,500,1.516
fa,zipf_1.0,5000,2500,5000,35.221
fa,zipf_1.5,5000,500,2000,10.181
fa,zipf_1.5,5000,2500,500,3.146
fa,zipf_1.0,5000,2500,5000,33.153
fa,zipf_1.5,5000,500,2000,11.354
fa,zipf_1.5,5000,2500,500,4.356
fa,zipf_1.5,5000,2500,2000,11.745
fa,zipf_1.5,5000,500,5000,20.788
fa,zipf_1.0,5000,4500,5000,47.765
fa,zipf_1.5,5000,4500,500,5.281
fa,zipf_1.5,5000,2500,2000,14.489
fa,zipf_1.0,5000,4500,5000,48.197
fa,zipf_1.5,5000,500,5000,21.168
fa,zipf_1.5,5000,4500,500,5.521
fa,zipf_1.5,5000,4500,2000,16.700
fa,zipf_2.0,5000,500,500,2.521
fa,zipf_1.5,5000,4500,2000,15.875
fa,zipf_2.0,5000,500,500,3.124
fa,zipf_1.5,5000,2500,5000,32.411
fa,zipf_2.0,5000,500,2000,12.017
fa,zipf_2.0,5000,2500,500,2.267
fa,zipf_2.0,5000,500,2000,11.557
fa,zipf_1.5,5000,2500,5000,33.199
fa,zipf_2.0,5000,2500,500,2.884
fa,zipf_1.5,5000,4500,5000,40.080
fa,zipf_2.0,5000,2500,2000,12.406
fa,zipf_2.0,5000,4500,500,4.746
fa,zipf_2.0,5000,500,5000,23.293
fa,zipf_2.0,5000,2500,2000,13.638
fa,zipf_2.0,5000,500,5000,22.495
fa,zipf_1.5,5000,4500,5000,50.232
fa,zipf_2.0,5000,4500,500,4.297
fa,zipf_2.0,5000,4500,2000,19.854
fa,geometric,5000,500,500,2.512
fa,zipf_2.0,5000,2500,5000,34.046
fa,geometric,5000,500,2000,9.631
fa,zipf_2.0,5000,4500,2000,21.975
fa,geometric,5000,500,500,2.032
fa,geometric,5000,2500,500,4.018
fa,zipf_2.0,5000,2500,5000,32.192
fa,geometric,5000,500,2000,9.611
fa,zipf_2.0,5000,4500,5000,43.718
fa,geometric,5000,500,5000,20.636
fa,geometric,5000,2500,500,3.533
fa,geometric,5000,2500,2000,15.114
fa,geometric,5000,4500,500,4.195
fa,zipf_2.0,5000,4500,5000,43.575
fa,geometric,5000,500,5000,22.465
fa,geometric,5000,4500,500,3.874
fa,geometric,5000,2500,2000,15.034
fa,geometric,5000,4500,2000,19.162
bug,uniform,5000,2500,500,4.133
fa,geometric,5000,2500,5000,29.645
bug,uniform,5000,2500,500,0.610
fa,geometric,5000,4500,2000,17.612
bug,uniform,5000,2500,500,6.722
bug,uniform,5000,2500,500,3.106
bug,uniform,5000,2500,2000,12.774
bug,uniform,5000,2500,500,5.148
bug,uniform,5000,2500,500,1.249
fa,geometric,5000,4500,5000,40.620
fa,geometric,5000,2500,5000,33.653
bug,uniform,5000,2500,2000,4.599
bug,uniform,5000,2500,2000,18.930
bug,uniform,5000,2500,2000,11.844
bug,uniform,5000,2500,2000,3.538
fa,geometric,5000,4500,5000,42.893
bug,uniform,5000,2500,2000,16.451
bug,uniform,5000,2500,5000,9.124
bug,zipf_0.0,5000,2500,500,2.914
bug,zipf_0.0,5000,2500,500,5.000
bug,uniform,5000,2500,5000,8.947
bug,zipf_0.0,5000,2500,500,0.793
bug,uniform,5000,2500,5000,27.288
bug,zipf_0.0,5000,2500,500,2.739
bug,zipf_0.0,5000,2500,500,5.226
bug,zipf_0.0,5000,2500,500,1.041
bug,zipf_0.0,5000,2500,2000,9.743
bug,zipf_0.0,5000,2500,2000,3.820
bug,uniform,5000,2500,5000,26.940
bug,zipf_0.0,5000,2500,2000,10.702
bug,zipf_0.0,5000,2500,2000,17.948
bug,uniform,5000,2500,5000,44.301
bug,zipf_0.0,5000,2500,2000,3.632
bug,zipf_0.0,5000,2500,5000,8.516
bug,zipf_0.5,5000,2500,500,2.870
bug,zipf_0.0,5000,2500,2000,16.985
bug,uniform,5000,2500,5000,43.247
bug,zipf_0.5,5000,2500,500,4.879
bug,zipf_0.5,5000,2500,500,0.857
bug,zipf_0.0,5000,2500,5000,8.079
bug,zipf_0.0,5000,2500,5000,27.582
bug,zipf_0.5,5000,2500,500,3.012
bug,zipf_0.5,5000,2500,2000,10.862
bug,zipf_0.5,5000,2500,500,4.938
bug,zipf_0.5,5000,2500,500,0.739
bug,zipf_0.0,5000,2500,5000,27.881
bug,zipf_0.5,5000,2500,2000,3.687
bug,zipf_0.5,5000,2500,2000,16.305
bug,zipf_0.5,5000,2500,2000,10.489
bug,zipf_0.0,5000,2500,5000,41.084
bug,zipf_0.5,5000,2500,2000,3.763
bug,zipf_0.5,5000,2500,2000,15.677
bug,zipf_0.5,5000,2500,5000,8.348
bug,zipf_1.0,5000,2500,500,2.852
bug,zipf_0.0,5000,2500,5000,43.227
bug,zipf_1.0,5000,2500,500,5.237
bug,zipf_1.0,5000,2500,500,0.504
bug,zipf_0.5,5000,2500,5000,28.215
bug,zipf_1.0,5000,2500,2000,7.618
bug,zipf_0.5,5000,2500,5000,10.270
bug,zipf_1.0,5000,2500,2000,2.543
bug,zipf_1.0,5000,2500,500,2.697
bug,zipf_0.5,5000,2500,5000,27.174
bug,zipf_1.0,5000,2500,500,0.680
bug,zipf_1.0,5000,2500,500,4.705
bug,zipf_1.0,5000,2500,2000,17.533
bug,zipf_0.5,5000,2500,5000,39.828
bug,zipf_1.0,5000,2500,2000,8.607
bug,zipf_1.0,5000,2500,2000,2.131
bug,zipf_1.0,5000,2500,5000,8.415
bug,zipf_1.5,5000,2500,500,2.754
bug,zipf_0.5,5000,2500,5000,43.906
bug,zipf_1.0,5000,2500,2000,17.526
bug,zipf_1.0,5000,2500,5000,23.823
bug,zipf_1.5,5000,2500,500,0.609
bug,zipf_1.5,5000,2500,500,5.108
bug,zipf_1.0,5000,2500,5000,6.245
bug,zipf_1.5,5000,2500,500,2.723
bug,zipf_1.5,5000,2500,2000,9.316
bug,zipf_1.5,5000,2500,500,4.291
bug,zipf_1.5,5000,2500,2000,2.815
bug,zipf_1.5,5000,2500,500,0.595
bug,zipf_1.0,5000,2500,5000,25.086
bug,zipf_1.5,5000,2500,2000,16.920
bug,zipf_1.5,5000,2500,2000,8.725
bug,zipf_1.5,5000,2500,2000,2.606
bug,zipf_1.0,5000,2500,5000,41.326
bug,zipf_1.5,5000,2500,5000,6.077
bug,zipf_1.5,5000,2500,2000,17.395
bug,zipf_1.5,5000,2500,5000,22.032
bug,zipf_2.0,5000,2500,500,2.653
bug,zipf_2.0,5000,2500,500,0.636
bug,zipf_2.0,5000,2500,500,4.315
bug,zipf_1.0,5000,2500,5000,42.265
bug,zipf_2.0,5000,2500,2000,9.410
bug,zipf_1.5,5000,2500,5000,6.927
bug,zipf_2.0,5000,2500,2000,3.115
bug,zipf_1.5,5000,2500,5000,24.427
bug,zipf_2.0,5000,2500,500,2.630
bug,zipf_2.0,5000,2500,500,0.563
bug,zipf_2.0,5000,2500,500,4.971
bug,zipf_2.0,5000,2500,2000,16.355
bug,zipf_1.5,5000,2500,5000,39.856
bug,zipf_2.0,5000,2500,2000,9.533
bug,zipf_2.0,5000,2500,2000,3.386
bug,zipf_2.0,5000,2500,5000,6.719
bug,geometric,5000,2500,500,2.224
bug,zipf_1.5,5000,2500,5000,37.363
bug,zipf_2.0,5000,2500,2000,16.802
bug,geometric,5000,2500,500,4.484
bug,zipf_2.0,5000,2500,5000,23.994
bug,geometric,5000,2500,500,0.415
bug,geometric,5000,2500,2000,6.013
bug,geometric,5000,2500,2000,1.764
bug,zipf_2.0,5000,2500,5000,25.471
bug,geometric,5000,2500,2000,10.961
bug,geometric,5000,2500,5000,4.357
holdout,uniform,5000,2500,2000,5.284
bug,geometric,5000,2500,5000,15.382
bug,geometric,5000,2500,5000,15.394
holdout,zipf_1.0,5000,500,2000,2.894
